err,104138723
nil,77887034
string,56662136
t,38526833
s,30730910
c,28003360
m,27050265
error,24834135
i,22683085
v,20292309
_,17716481
byte,16017140
int,15675602
b,15653627
ctx,15030828
r,14467007
p,13955150
len,12634190
fmt,12541179
bool,11609031
true,10935230
Name,10522944
Errorf,10449170
false,10065249
client,9268444
f,8615823
n,8352518
name,8219922
req,8210210
ok,7999615
http,7975461
T,7795293
testing,7783931
Context,7606303
context,7556089
result,7248382
time,7069547
out,6844822
l,6787759
x,6774559
autorest,6697548
a,6688622
d,6360038
e,6357668
String,6192515
Response,6035297
int64,5901483
Error,5881137
make,5878802
append,5792783
resp,5756573
in,5713768
w,5635959
C,5538980
res,5274752
data,5252227
uint64,5075362
Type,5012051
int32,5005640
iNdEx,4978755
o,4805502
Value,4614821
Sprintf,4508997
assert,4488152
dAtA,4447089
value,4361194
types,4332436
New,4197296
Fatalf,4155263
Equal,4085272
reflect,4023201
key,4008101
this,3938694
request,3794816
log,3713107
uint32,3643561
k,3637797
buf,3635123
args,3633871
strings,3629132
errors,3627059
Set,3567702
input,3557289
Get,3497803
os,3433585
msg,3431904
opts,3401595
Header,3313155
h,3311386
Pointer,3250311
io,3245610
v1,3206439
Request,3191226
config,3132538
test,3046641
shift,2936375
proto,2933919
ret,2917599
ID,2889007
path,2867123
